time(sec), throughput(txs), avg_latency(ms), min(ms), max(ms), 25th_lat(ms), median_lat(ms), 75th_lat(ms),,,,
5,6270,0.798086,4,23,7,7,9,,,,
10,6285,0.796022,5,26,7,7,9,,,,
15,6109,0.819283,4,51,7,7,9,,,,
20,6023,0.830151,4,46,7,7,9,,,,JDBC 0.3
25,5057,0.991299,5,31,7,8,13,,,,
30,5067,0.988751,4,30,7,9,13,,,,
35,4945,1.011729,4,30,7,9,13,,,,
40,4984,1.003612,4,42,7,9,13,,,,
45,5047,0.991282,4,32,7,8,13,,,,
50,5037,0.993051,4,34,7,9,13,,,,
55,5071,0.986196,4,30,7,9,13,,,,
