time(sec), throughput(txs), avg_latency(ms), min(ms), max(ms), 25th_lat(ms), median_lat(ms), 75th_lat(ms),,,,
5,4077,1.226392,3,36,9,12,14,,,,
10,4110,1.217762,4,35,9,12,14,,,,
15,4122,1.2164,4,38,9,12,14,,,,
20,4071,1.228199,4,36,9,12,14,,,,JDBC 0.7
25,4061,1.232209,4,37,9,12,14,,,,
30,4093,1.221842,4,32,9,12,14,,,,
35,4048,1.236166,4,39,9,12,14,,,,
40,4095,1.222711,4,36,9,12,14,,,,
45,4009,1.249189,4,40,10,13,15,,,,
50,4044,1.240851,4,38,9,12,14,,,,
55,4072,1.22888,4,36,9,12,14,,,,
