time(sec), throughput(txs), avg_latency(ms), min(ms), max(ms), 25th_lat(ms), median_lat(ms), 75th_lat(ms),,,,,,,SP 0.3
5,19568,0.25557,1,9,2,2,4,,,,,,,
10,19529,0.256029,1,8,2,2,4,,,,,,,
15,19387,0.257905,1,10,2,2,4,,,,,,,
20,19115,0.261575,1,12,2,2,4,,,,,,,
25,19164,0.261062,1,9,2,2,4,,,,,,,
30,18997,0.263252,1,13,2,2,4,,,,,,,
35,19241,0.259862,1,9,2,2,4,,,,,,,
40,19179,0.260754,1,11,2,2,4,,,,,,,
45,19007,0.263219,1,10,2,2,4,,,,,,,
50,18693,0.267587,1,11,2,2,4,,,,,,,
