time(sec), throughput(txs), avg_latency(ms), min(ms), max(ms), 25th_lat(ms), median_lat(ms), 75th_lat(ms),,,
5,4330,1.157044,4,37,9,11,13,,,
10,4176,1.198276,4,40,8,11,13,,,
15,4210,1.191924,4,39,8,11,13,,,
20,3907,1.28001,4,38,9,11,14,,,
25,3983,1.260608,4,43,9,12,14,,,JDBC 1
30,3718,1.350457,4,45,10,12,15,,,
35,3645,1.374486,4,39,10,12,15,,,
40,3719,1.344716,4,41,11,12,15,,,
45,4256,1.175282,4,38,8,11,13,,,
50,3743,1.33743,4,47,9,12,15,,,
55,4088,1.225783,4,38,9,11,13,,,
