time(sec), throughput(txs), avg_latency(ms), min(ms), max(ms), 25th_lat(ms), median_lat(ms), 75th_lat(ms),,,,,
5,26004,0.192278,1,5,2,2,2,,,,,
10,25938,0.192806,1,5,2,2,2,,,,,
15,25827,0.193635,1,5,2,2,2,,,,,SP 0
20,25821,0.19368,1,5,2,2,2,,,,,
25,25689,0.194636,1,4,2,2,2,,,,,
30,25188,0.198547,1,5,2,2,2,,,,,
35,25047,0.199625,1,5,2,2,2,,,,,
40,24903,0.200779,1,4,2,2,2,,,,,
45,24419,0.204759,1,5,2,2,2,,,,,
