time(sec), throughput(txs), avg_latency(ms), min(ms), max(ms), 25th_lat(ms), median_lat(ms), 75th_lat(ms),,,,
5,4404,1.137148,4,34,7,12,14,,,,
10,4303,1.164304,4,39,7,12,14,,,,
15,5880,0.85068,4,20,7,8,9,,,,
20,5808,0.86157,5,42,7,8,9,,,,JDBC 0.6
25,5805,0.862532,4,30,7,9,9,,,,
30,5741,0.871799,4,26,7,9,9,,,,
35,5846,0.855799,5,25,7,8,9,,,,
40,5846,0.855286,5,26,7,8,9,,,,
45,5834,0.858416,5,21,7,9,9,,,,
50,5715,0.875766,4,26,7,8,9,,,,
55,5723,0.874891,5,27,7,9,9,,,,
