time(sec), throughput(txs), avg_latency(ms), min(ms), max(ms), 25th_lat(ms), median_lat(ms), 75th_lat(ms),,,,
5,13665,0.366118,1,15,2,4,4,,,,
10,13992,0.357419,1,14,2,4,4,,,,SP 0.7
15,13984,0.357766,1,12,2,4,4,,,,
20,14090,0.354933,1,14,2,4,4,,,,
25,14074,0.355478,1,13,2,4,4,,,,
30,13962,0.35833,1,13,2,4,4,,,,
35,14083,0.35518,0,12,2,4,4,,,,
40,13958,0.358432,1,12,2,4,4,,,,
45,13980,0.357797,1,12,2,4,4,,,,
50,13931,0.358984,1,13,2,4,4,,,,
