time(sec), throughput(txs), avg_latency(ms), min(ms), max(ms), 25th_lat(ms), median_lat(ms), 75th_lat(ms),,,
5,16564,0.301859,1,11,2,3,4,,,
10,16308,0.306598,1,12,2,3,4,,,SP 0.5
15,16356,0.305698,1,12,2,3,4,,,
20,16345,0.305965,1,13,2,3,4,,,
25,16328,0.306345,1,11,2,3,4,,,
30,16383,0.305255,1,12,2,3,4,,,
35,16298,0.306847,1,13,2,3,4,,,
40,16160,0.30953,1,12,2,3,4,,,
45,16291,0.307102,0,15,2,3,4,,,
50,16159,0.309487,1,12,2,3,4,,,
