time(sec), throughput(txs), avg_latency(ms), min(ms), max(ms), 25th_lat(ms), median_lat(ms), 75th_lat(ms),,,,,
5,15063,0.332006,1,11,2,4,4,,,,,SP 0.6
10,15102,0.331214,1,11,2,4,4,,,,,
15,15104,0.331104,1,11,2,4,4,,,,,
20,15119,0.33071,1,11,2,4,4,,,,,
25,14984,0.333756,1,12,2,4,4,,,,,
30,14976,0.333934,1,12,2,4,4,,,,,
35,14894,0.335706,1,35,2,4,4,,,,,
40,15127,0.330535,1,11,2,4,4,,,,,
45,15050,0.332226,0,12,2,4,4,,,,,
50,14943,0.334672,1,15,2,4,4,,,,,
