time(sec), throughput(txs), avg_latency(ms), min(ms), max(ms), 25th_lat(ms), median_lat(ms), 75th_lat(ms),,,
5,4525,1.105193,4,35,7,12,14,,,
10,4485,1.118172,4,37,7,12,14,,,
15,4492,1.11309,4,35,7,12,14,,,JDBC 0.5
20,4512,1.110594,4,38,7,12,14,,,
25,4465,1.120045,4,33,7,12,14,,,
30,4445,1.124859,4,32,7,12,14,,,
35,4425,1.131299,4,38,7,12,14,,,
40,4446,1.126406,4,30,7,12,14,,,
45,4410,1.13424,4,36,7,12,14,,,
50,4459,1.124916,4,32,7,12,14,,,
55,4410,1.136961,4,36,7,12,14,,,
