time(sec), throughput(txs), avg_latency(ms), min(ms), max(ms), 25th_lat(ms), median_lat(ms), 75th_lat(ms),,,
5,11775,0.424713,1,14,4,4,4,,,
10,11780,0.424533,1,14,4,4,4,,,
15,11728,0.426501,1,14,4,4,4,,,
20,11700,0.427436,1,15,4,4,4,,,
25,11698,0.42768,1,15,4,4,4,,,SP 1
30,11664,0.428669,1,16,4,4,4,,,
35,11617,0.430748,1,15,4,4,4,,,
40,11603,0.431095,3,17,4,4,4,,,
45,11550,0.433247,1,17,4,4,4,,,
50,11551,0.433123,1,16,4,4,4,,,
